Name,midterm,final
Eeny,76.77428759198264,53.98547954467269,
Meeny,75.56677430145206,90.37045243682974,
Miney,55.34135181052567,76.63290197629273,
Moe,65.26794355723284,73.22243628056296,